week,mean_slope,lower_bound,upper_bound,analysis,time_season,mean,pre_post,slope,lwr,upr
21,-1.7785799659270447,-0.09376726666893812,0.09690452819066556,space,NA,NA,NA,-1.7785799659270447,-0.09376726666893812,0.09690452819066556
37,-6.863019057722353e-4,-0.08081889946848039,0.04321807035687542,space,NA,NA,NA,-6.863019057722353e-4,-0.08081889946848039,0.04321807035687542
19,NA,NA,NA,space,NA,NA,NA,NA,NA,NA
10,-0.1067088534118538,-0.680056765333689,0.29665778838720086,space,NA,NA,NA,-0.1067088534118538,-0.680056765333689,0.29665778838720086
12,-0.062487848352057014,-0.14513507816674998,0.1915106760341533,space,NA,NA,NA,-0.062487848352057014,-0.14513507816674998,0.1915106760341533
0,NA,-0.02629749963796707,0.4061423783829362,"time, ind. tree",before leafout,0.15141898497636616,before leafout,NA,-0.02629749963796707,0.4061423783829362
0,NA,-0.014255453697754118,0.4008634758048212,"time, ind. tree",after leafout,0.15544528247869238,after leafout,NA,-0.014255453697754118,0.4008634758048212
