week,mean_slope,lower_bound,upper_bound,analysis,time_season,pre_post,slope,lwr,upr
10,-0.4574986395749777,-1.4109234568108389,0.8340934854020107,space,NA,NA,-0.4574986395749777,-1.4109234568108389,0.8340934854020107
21,0.5396735366245815,-8.051519624366101,8.376331398044261,space,NA,NA,0.5396735366245815,-8.051519624366101,8.376331398044261
37,3.788428581292487,0.7484081738960224,9.311656741720665,space,NA,NA,3.788428581292487,0.7484081738960224,9.311656741720665
12,-1.1700177147468696,-1.8814351590183311,2.5849767901745544,space,NA,NA,-1.1700177147468696,-1.8814351590183311,2.5849767901745544
14,-2.9176716028615646,-8.421090671127724,4.580653039248367,space,NA,NA,-2.9176716028615646,-8.421090671127724,4.580653039248367
17,-0.8883918046714795,-5.164048121945996,2.894384296088882,space,NA,NA,-0.8883918046714795,-5.164048121945996,2.894384296088882
19,0.6380723259174612,-9.796485188585203,2.59762931298427,space,NA,NA,0.6380723259174612,-9.796485188585203,2.59762931298427
0,0.39580641104480924,-0.11993676659891503,0.8701937524001542,"time, ind. tree",before leafout,before leafout,0.39580641104480924,-0.11993676659891503,0.8701937524001542
0,0.33314257583436574,-1.1622760595534052,1.505970652589497,"time, ind. tree",after leafout,after leafout,0.33314257583436574,-1.1622760595534052,1.505970652589497
