week,mean_slope,lower_bound,upper_bound,analysis,time_season,mean,pre_post,slope,lwr,upr
10,-0.0056600617344686145,-0.09627844833912992,0.07382343601638915,space,NA,NA,NA,NA,-0.09627844833912992,0.07382343601638915
14,-0.0030632235486443495,-0.06489864953270297,0.04310597025173461,space,NA,NA,NA,NA,-0.06489864953270297,0.04310597025173461
17,-0.0794118672849076,-0.15827546375914087,-0.0014650977002402252,space,NA,NA,NA,NA,-0.15827546375914087,-0.0014650977002402252
19,-0.06995992144215847,-0.16969264803616105,0.0058522564234973545,space,NA,NA,NA,NA,-0.16969264803616105,0.0058522564234973545
21,-0.002631275221375751,-0.0490676667374819,0.044219782994869984,space,NA,NA,NA,NA,-0.0490676667374819,0.044219782994869984
37,0.01713998410781945,-0.024326221636898,0.04438222779347517,space,NA,NA,NA,NA,-0.024326221636898,0.04438222779347517
12,-0.03964980983591524,-0.0914241691754002,0.063123413772792,space,NA,NA,NA,NA,-0.0914241691754002,0.063123413772792
0,NA,-0.05674910144632741,0.16985617336073133,"time, ind. tree",before leafout,0.04243604989674118,before leafout,0.04243604989674118,-0.05674910144632741,0.16985617336073133
0,NA,-0.06265361461840764,0.1739913438547417,"time, ind. tree",after leafout,0.04477422899354554,after leafout,0.04477422899354554,-0.06265361461840764,0.1739913438547417
