week,mean_slope,lower_bound,upper_bound,analysis,time_season,pre_post,slope,lwr,upr
10,-0.00451160063485907,-0.08795399066084332,0.0639601495412441,space,NA,NA,-0.00451160063485907,-0.08795399066084332,0.0639601495412441
14,-0.002474840733390859,-0.05609650755073834,0.04673638204808696,space,NA,NA,-0.002474840733390859,-0.05609650755073834,0.04673638204808696
17,-0.07731475685080297,-0.16001158228424361,-5.587466492751067e-4,space,NA,NA,-0.07731475685080297,-0.16001158228424361,-5.587466492751067e-4
19,-0.0711442941972086,-0.17269816854076953,0.009497462611431556,space,NA,NA,-0.0711442941972086,-0.17269816854076953,0.009497462611431556
21,-0.002343829753883963,-0.050087904008028934,0.04729769262006444,space,NA,NA,-0.002343829753883963,-0.050087904008028934,0.04729769262006444
37,0.016875362132987376,-0.01837139692273756,0.04280348541334346,space,NA,NA,0.016875362132987376,-0.01837139692273756,0.04280348541334346
12,-0.03814878627314366,-0.09453701063762945,0.06937912469870784,space,NA,NA,-0.03814878627314366,-0.09453701063762945,0.06937912469870784
0,-10.770925522268305,-19.26063958363746,-3.036062879097983,"time, ind. tree",before leafout,before leafout,-10.770925522268305,-19.26063958363746,-3.036062879097983
0,17.349882363967264,-13.289229424122116,41.979033803365716,"time, ind. tree",after leafout,after leafout,17.349882363967264,-13.289229424122116,41.979033803365716
