mean_slope,lower_bound,upper_bound,pre_post
868.668640717599,683.2440382685094,1055.8428744956498,all
