mean_slope,lower_bound,upper_bound,pre_post
869.3772893985608,684.5235033156434,1058.1578654144962,all
