mean_slope,lower_bound,upper_bound,pre_post
15.289676053893055,12.979189248570606,17.685426529255544,all
