mean_slope,lower_bound,upper_bound,pre_post
15.228834784274605,12.969763983945487,17.491690136424165,all
