model,AIC,delta_AIC,(Intercept),cwc,sd__(Intercept),sd__Observation,lma_g_cm2,lwa_g_cm2,lwc_mean,lai,time_seasonbefore leafout,cwc:time_seasonbefore leafout,lai:lwa_g_cm2,lai:lwc_mean,lai:lma_g_cm2,lwc_mean:lma_g_cm2,lai:lwc_mean:lma_g_cm2
water_potential ~ cwc * time_season,104.78636655947304,0,-1.6958901918714473,8.426960168222724,0.18222953393323474,0.30335071815710246,NA,NA,NA,NA,0.6320057502254646,-5.863945230120411,NA,NA,NA,NA,NA
water_potential ~ lai * lwc_mean * lma_g_cm2,105.2442977576671,0.4579311981940606,-2.3851203166677557,NA,0.15915673659019824,0.3404433084296552,28.536689435442696,NA,1.3605836819352246,1.6932137222489843,NA,NA,NA,-1.0111675029399076,-106.52185290004472,-77.81768384711603,71.86481325772016
water_potential ~ lma_g_cm2,132.53576220409445,27.749395644621416,0.8617839779658043,NA,0.2063910065937727,0.3448733931448301,-150.50738165548555,NA,NA,NA,NA,NA,NA,NA,NA,NA,NA
water_potential ~ cwc,144.49480405136433,39.70843749189129,-1.540845288238334,8.394351258584088,0.16637784137448394,0.3653572416984686,NA,NA,NA,NA,NA,NA,NA,NA,NA,NA,NA
